Nome,Matricula,Telefone,Endereco
Corey Fleming,FOZ3679,(703)838-1681x28132,"5249 Joseph Spur Suite 315 Port Hector, CT 44714"
Sean Mcclain,Xtw3576,(029)419-0472,"1629 Jennings Haven Lake Juliefort, WA 26976"
Harold Benitez,qCA1016,(563)707-3376,"08284 Patricia Radial Apt. 805 West Adam, WI 13707"
Jack Ward,iZP3221,358-941-4120,"4338 Sandra Pine Nguyenbury, CO 48786"
Wayne Richardson,XBR9074,032-451-2698x09325,"708 Amanda Villages South Michelle, OR 09946"
Jennifer Kaiser MD,gqj5580,430-574-5524x1362,"86942 Wright Curve Suite 337 West Charles, WV 68450"
Elizabeth Roberson,ohC8046,972.717.0337x176,"PSC 2598, Box 8708 APO AA 15540"
Christopher Rivera,MFM2933,(423)129-0012x4068,"2454 Ashley Inlet North Laurenmouth, IL 12547"
Sheila Harris,Qjh1074,561-212-0021x71466,"3143 Hamilton Heights Suite 148 Rogerstad, NM 52407"
Emily Hawkins,VhN2108,434.046.9443x199,"52447 Jeffrey River Edwardhaven, MT 92312"
